name,tris,ngons,has_uv,texel_px_per_m,scale_applied,name_ok,materials,data_name,issues
Actuator_L,60,2,True,6693.627034016715,True,True,no material,Cylinder.008,2 ngons; no material; mesh data named Cylinder.008
Actuator_R,60,2,True,6693.627034016715,True,True,no material,Cylinder.009,2 ngons; no material; mesh data named Cylinder.009
Axle,60,2,True,3717.5589269923116,True,True,no material,Cylinder.002,2 ngons; no material; mesh data named Cylinder.002; texel density 63% of target
AxleCap_L,188,2,True,13359.803693616612,True,True,no material,Cylinder.037,2 ngons; no material; mesh data named Cylinder.037; texel density 228% of target
AxleCap_R,188,2,True,13359.803674198463,True,True,no material,Cylinder.038,2 ngons; no material; mesh data named Cylinder.038; texel density 228% of target
Bolt_Hub,200,20,True,40648.559078183884,True,True,no material,Cylinder.022,20 ngons; no material; mesh data named Cylinder.022; texel density 693% of target
Bolt_Hub_R,200,20,True,40648.55951548242,True,True,no material,Cylinder.035,20 ngons; no material; mesh data named Cylinder.035; texel density 693% of target
Bolts_Gland,160,16,True,48057.34255486452,True,True,no material,Cylinder.023,16 ngons; no material; mesh data named Cylinder.023; texel density 819% of target
Bolts_TorqueLink,984,12,True,44086.58700439841,True,True,no material,Cylinder.016,12 ngons; no material; mesh data named Cylinder.016; texel density 752% of target
Collar_Ear_L,108,0,True,5720.35746889344,True,True,no material,Cube.005,no material; mesh data named Cube.005
Collar_Ear_R,108,0,True,5720.357468866784,True,True,no material,Cube.006,no material; mesh data named Cube.006
Drag_Stay,60,2,True,2948.5473330172777,True,True,no material,Cylinder.010,2 ngons; no material; mesh data named Cylinder.010; texel density 50% of target
Hole_Cutter,360,12,True,7287.878526043198,True,True,no material,Cylinder.025,12 ngons; no material; mesh data named Cylinder.025; texel density 124% of target
HubCap_L,284,2,True,8020.469005005244,True,True,no material,Cylinder.021,2 ngons; no material; mesh data named Cylinder.021; texel density 137% of target
HubCap_R,284,2,True,8020.469005005244,False,True,no material,Cylinder.030,scale not applied; 2 ngons; no material; mesh data named Cylinder.030; texel density 137% of target
Light_Housing,12,0,True,3973.889533583618,True,True,no material,Cube.004,no material; mesh data named Cube.004; texel density 68% of target
Lock_Stay,60,2,True,5410.573040629937,True,True,no material,Cylinder.012,2 ngons; no material; mesh data named Cylinder.012
Lug_Axle,284,2,True,9729.817777864684,True,True,no material,Cylinder.011,2 ngons; no material; mesh data named Cylinder.011; texel density 166% of target
Lug_Collar,284,2,True,9729.820320683168,True,True,no material,Cylinder.007,2 ngons; no material; mesh data named Cylinder.007; texel density 166% of target
Lug_DragStay,108,0,True,4379.045331899948,True,True,no material,Cube,no material; mesh data named Cube; texel density 75% of target
Lug_LockStay,108,0,True,5864.647283156111,True,True,no material,Cube.001,no material; mesh data named Cube.001
Lug_Mid,284,2,True,9729.81800004245,True,True,no material,Cylinder.006,2 ngons; no material; mesh data named Cylinder.006; texel density 166% of target
Oleo_Gland,380,2,True,5193.849403114799,True,True,no material,Cylinder.015,2 ngons; no material; mesh data named Cylinder.015
Piston_L,188,2,True,8987.656968816771,True,True,no material,Cylinder.013,2 ngons; no material; mesh data named Cylinder.013; texel density 153% of target
Piston_R,188,2,True,8987.656968862946,True,True,no material,Cylinder.014,2 ngons; no material; mesh data named Cylinder.014; texel density 153% of target
Rim_L,532,8,True,4189.919361913434,True,True,empty material slot,Cylinder.020,8 ngons; empty material slot; mesh data named Cylinder.020; texel density 71% of target
Rim_R,532,8,True,4189.919361913434,False,True,empty material slot,Cylinder.029,scale not applied; 8 ngons; empty material slot; mesh data named Cylinder.029; texel density 71% of target
Steering_Collar,124,2,True,3221.1620375452194,True,True,no material,Cylinder.005,2 ngons; no material; mesh data named Cylinder.005; texel density 55% of target
Strut_Oleo,124,2,True,2942.737627700094,True,True,no material,Cylinder.001,2 ngons; no material; mesh data named Cylinder.001; texel density 50% of target
Strut_Outer,124,2,True,2396.8681784620576,True,True,no material,Cylinder,2 ngons; no material; mesh data named Cylinder; texel density 41% of target
Tire_L,512,0,True,1962.0109603058036,True,True,no material,Cylinder.003,no material; mesh data named Cylinder.003; texel density 33% of target
Tire_R,512,0,True,1962.010963659892,True,True,no material,Cylinder.036,no material; mesh data named Cylinder.036; texel density 33% of target
TorqueLink_Lower,220,0,True,4193.196337497726,True,True,no material,Cube.003,no material; mesh data named Cube.003; texel density 71% of target
TorqueLink_Upper,476,30,True,3773.8846837022825,True,True,no material,Cube.002,30 ngons; no material; mesh data named Cube.002; texel density 64% of target
TowLug_L,108,0,True,8813.626680463458,True,True,no material,Cube.009,no material; mesh data named Cube.009; texel density 150% of target
TowLug_R,108,0,True,8813.626680463458,True,True,no material,Cube.010,no material; mesh data named Cube.010; texel density 150% of target
Trunnion_Arm_L,108,0,True,3676.272269603082,True,True,no material,Cube.007,no material; mesh data named Cube.007; texel density 63% of target
Trunnion_Arm_R,108,0,True,3676.272269603082,True,True,no material,Cube.008,no material; mesh data named Cube.008; texel density 63% of target
Trunnion_Boss,284,2,True,3481.5061157498176,True,True,no material,Cylinder.019,2 ngons; no material; mesh data named Cylinder.019; texel density 59% of target
Trunnion_Shaft,380,2,True,5012.099479307775,True,True,no material,Cylinder.018,2 ngons; no material; mesh data named Cylinder.018
ValveStem_L,140,2,True,38952.732559956195,True,True,no material,Cylinder.017,2 ngons; no material; mesh data named Cylinder.017; texel density 664% of target
ValveStem_R,140,2,True,38952.7235666453,False,True,no material,Cylinder.032,scale not applied; 2 ngons; no material; mesh data named Cylinder.032; texel density 664% of target
